<DATE>,<TIME>,<OPEN>,<HIGH>,<LOW>,<CLOSE>,<VOL>
20161219,000000,64.7350000,65.0585000,63.9920000,64.3620000,371093
20161220,000000,64.3620000,64.4970000,63.5720000,63.8440000,438148
20161221,000000,63.8440000,63.8840000,63.4060000,63.7520000,405708
20161222,000000,63.7520000,63.9530000,63.3680000,63.5920000,346453
20161223,000000,63.5920000,64.0970000,63.4220000,63.7200000,361645
20161224,000000,63.7320000,64.1440000,63.4940000,63.7190000,903
20161225,000000,63.8680000,63.8680000,63.6846000,63.7720000,10
20161226,000000,63.7960000,64.1130000,63.4468000,63.7420000,169843
20161227,000000,63.6830000,64.8955000,63.2410000,63.4630000,328226
20161228,000000,63.4630000,64.2846000,62.3880000,62.8080000,357604
20161229,000000,62.8080000,63.7540000,62.7160000,63.1602000,170063
20161230,000000,63.3760000,65.0750000,62.8270000,64.6900000,120674
20161231,000000,64.7250000,64.9069000,64.2993000,64.7460000,218
20170101,000000,64.4500000,64.8953000,64.3030000,64.3610000,348
20170102,000000,64.3550000,64.8818000,63.8356000,63.8495000,2824
20170103,000000,64.0000000,64.1860000,62.5060000,63.3980000,178900
20170104,000000,63.3980000,63.8170000,62.8970000,63.3890000,160553
20170105,000000,63.3910000,63.7380000,62.2230000,62.9940000,228761
20170106,000000,62.9940000,63.2680000,62.4590000,62.7720000,160382
20170107,000000,62.7720000,63.0749000,62.5680000,62.7280000,1384
20170108,000000,62.6540000,62.7860000,62.6540000,62.7090000,313
20170109,000000,62.7230000,63.5100000,62.4406000,63.4530000,295306
20170110,000000,63.4530000,63.7710000,62.8730000,63.4350000,417470
20170111,000000,63.4430000,63.6420000,62.9110000,63.2100000,428066
20170112,000000,63.2100000,63.5520000,62.8339000,62.9450000,370875
20170113,000000,62.9470000,63.5840000,62.8410000,63.3800000,247020
20170114,000000,63.3680000,63.5400000,63.2190000,63.4540000,398
20170115,000000,63.2040000,63.4160000,63.1150000,63.1210000,305
20170116,000000,63.1200000,64.0415000,62.7142000,63.4230000,247774
20170117,000000,63.4230000,64.5701000,63.0890000,63.6010000,473337
20170118,000000,63.6010000,63.7530000,62.9937000,63.2000000,417351
20170119,000000,63.1980000,64.2370000,62.9450000,63.5610000,484893
20170120,000000,63.5630000,64.0430000,63.2120000,63.6660000,432402
20170121,000000,63.7170000,63.9840000,63.6150000,63.8680000,234
20170123,000000,63.8500000,64.2050000,63.5540000,63.9310000,408439
20170124,000000,63.9310000,64.3435000,63.4260000,63.6030000,413432
20170125,000000,63.6030000,64.0070000,63.2120000,63.9490000,430972
20170126,000000,63.9880000,64.8920000,63.7190000,64.4200000,474586
20170127,000000,64.4210000,64.5680000,63.6760000,63.9950000,430699
20170128,000000,63.9920000,64.2670000,63.8900000,64.2670000,2075
20170129,000000,63.9090000,64.3032000,63.7429000,63.7429000,407
20170130,000000,64.0720000,64.5980000,63.5838000,63.9240000,400042
20170131,000000,63.9240000,65.0390000,63.4058000,64.8680000,397246
20170201,000000,64.8680000,65.1280000,64.5350000,64.6780000,414118
20170202,000000,64.6780000,64.8680000,63.1630000,63.7256000,277433
20170203,000000,63.7720000,64.0400000,63.3180000,63.5540000,404862
20170204,000000,63.5540000,63.6530000,63.4560000,63.5026000,1908
20170205,000000,63.5560000,63.6740000,63.5260000,63.6320000,297
20170206,000000,63.6380000,64.7089000,62.9130000,63.2950000,283988
20170207,000000,63.2960000,63.5050000,62.9460000,63.4320000,317141
20170208,000000,63.4320000,63.5620000,62.9860000,63.3100000,307689
20170209,000000,63.2970000,63.3760000,62.6440000,62.8250000,291057
20170210,000000,62.8250000,62.9110000,61.8180000,61.9590000,310103
20170211,000000,62.0050000,62.0600000,61.6949000,62.0030000,1827
20170212,000000,61.9190000,62.0430000,61.6339000,61.9965000,363
20170213,000000,62.0300000,62.2500000,61.3000000,61.4130000,276336
20170214,000000,61.4400000,61.7220000,60.1850000,60.3440000,307757
20170215,000000,60.3440000,61.0960000,59.7420000,60.6700000,302064
20170216,000000,60.6700000,61.5460000,60.4010000,61.3890000,292031
20170217,000000,61.3890000,62.1210000,60.8350000,61.9880000,185028
20170218,000000,61.9360000,62.1570000,61.5586000,61.8690000,308
20170219,000000,61.9460000,62.0620000,61.3196000,61.3407000,302
20170220,000000,61.9390000,62.0390000,61.3375000,61.3872000,187777
20170221,000000,61.4380000,61.5880000,60.4820000,60.5310000,279942
20170222,000000,60.5310000,61.4010000,60.2810000,61.3690000,254235
20170223,000000,61.3690000,61.3840000,60.7830000,61.0660000,168467
20170224,000000,61.0660000,62.0440000,60.9430000,61.7370000,252372
20170225,000000,61.7370000,62.1505000,61.5500000,61.7630000,1666
20170226,000000,61.6970000,61.8270000,61.6671000,61.7320000,179
20170227,000000,61.7290000,61.7550000,60.9290000,61.5200000,208792
20170228,000000,61.5200000,62.1260000,61.1600000,61.7790000,318606
20170301,000000,61.7790000,61.8130000,60.9245000,61.4330000,313947
20170302,000000,61.4330000,61.8320000,61.1170000,61.7920000,313617
20170303,000000,61.7900000,62.1820000,61.5260000,61.8150000,344773
20170304,000000,61.8150000,62.1480000,61.6830000,62.1480000,1495
20170305,000000,61.7570000,62.0958000,61.6750000,62.0226000,365
20170306,000000,61.6870000,63.4221000,61.3170000,61.5900000,279777
20170307,000000,61.5870000,61.7900000,61.0980000,61.4550000,284185
20170308,000000,61.4610000,62.1790000,61.2960000,62.0340000,232896
20170309,000000,62.0340000,63.0210000,61.6550000,62.7670000,392084
20170310,000000,62.7670000,63.0860000,62.3890000,62.9510000,353416
20170311,000000,62.8650000,63.4295000,62.8130000,63.1570000,1486
20170312,000000,63.4506000,63.5061000,62.6441000,62.6738000,356
20170313,000000,62.6940000,63.4325000,62.5480000,62.6020000,333101
20170314,000000,62.6510000,63.3730000,62.5120000,62.6840000,327046
20170315,000000,62.7270000,63.1148000,62.4230000,62.6370000,341205
20170316,000000,62.7730000,62.8140000,61.6940000,62.0340000,371902
20170317,000000,62.2010000,62.4600000,61.2670000,61.3712000,320221
20170318,000000,61.4750000,61.5331000,61.3300000,61.5331000,12
20170319,000000,61.4669000,61.6000000,61.4380000,61.5689000,136
20170320,000000,61.5810000,61.9600000,61.4230000,61.4880000,286224
20170321,000000,61.4880000,62.3820000,61.3960000,62.3710000,331713
20170322,000000,62.3680000,62.9580000,62.0700000,62.2820000,336178
20170323,000000,62.3260000,62.3820000,61.7130000,61.8045000,330994
20170324,000000,61.8610000,62.1110000,60.9350000,61.0067000,304736
20170325,000000,61.4490000,61.4650000,61.0461000,61.0744000,11
20170326,000000,61.4110000,61.7370000,61.0320000,61.6440000,490
20170327,000000,61.7420000,62.2590000,61.5550000,61.7110000,267623
20170328,000000,61.7130000,62.0460000,61.4960000,61.6220000,297046
20170329,000000,61.6220000,61.7070000,60.7750000,60.8510000,295689
20170330,000000,60.8990000,61.0410000,59.6770000,59.8360000,310234
20170331,000000,59.8880000,60.4170000,59.6080000,59.8858000,305465
20170401,000000,59.9290000,59.9910000,59.8959000,59.9910000,25
20170402,000000,59.9445000,60.0750000,59.7726000,59.9010000,201
20170403,000000,59.8060000,60.5640000,59.6140000,59.9037000,260427
20170404,000000,59.9160000,60.3890000,59.6640000,59.7549000,270599
20170405,000000,59.8750000,60.2000000,59.5020000,60.0400000,247659
20170406,000000,60.0610000,60.3340000,59.7800000,59.8570000,267464
20170407,000000,59.8570000,60.8360000,59.8570000,60.5530000,333206
20170408,000000,60.6300000,60.6600000,60.4097000,60.4112000,14
20170409,000000,60.5930000,60.7760000,60.5070000,60.5420000,178
20170410,000000,60.7740000,60.9460000,60.3350000,60.5039000,262964
20170411,000000,60.6020000,60.7570000,60.1540000,60.3145000,284834
20170412,000000,60.3380000,60.7670000,59.9790000,60.7202000,280963
20170413,000000,60.8950000,60.9245000,59.5900000,59.7030000,239764
20170414,000000,59.6370000,59.8900000,59.5050000,59.6158000,113596
20170415,000000,59.6480000,59.6762000,59.5708000,59.6270000,11
20170416,000000,59.7491000,59.8080000,59.6560000,59.7728000,63
20170417,000000,59.7960000,60.2850000,59.3460000,59.3690000,195645
20170418,000000,59.4990000,60.3610000,59.3210000,60.3020000,296238
20170419,000000,60.3363000,60.8100000,59.9380000,60.4840000,310278
20170420,000000,60.5650000,60.7290000,60.0430000,60.0990000,287560
20170421,000000,60.1830000,60.7697000,60.0060000,60.6130000,276036
20170422,000000,60.5830000,60.7690000,60.5830000,60.7690000,8
20170423,000000,61.0463000,61.6420000,60.3240000,61.1538000,295
20170424,000000,61.2590000,61.5630000,60.3210000,60.5000000,331328
20170425,000000,60.5010000,61.5540000,60.4330000,61.2954000,302613
20170426,000000,61.2780000,62.3180000,61.1990000,62.1980000,309638
20170427,000000,62.2400000,62.7200000,61.7100000,61.9330000,271416
20170428,000000,61.9330000,62.5210000,61.7920000,61.9809000,248269
20170429,000000,62.0650000,62.1487000,61.9763000,62.1487000,14
20170430,000000,62.0819000,62.2090000,61.9819000,61.9819000,79
20170501,000000,62.0790000,62.1960000,61.7221000,62.0630000,116418
20170502,000000,62.0630000,62.4460000,61.9380000,62.2940000,262386
20170503,000000,62.3380000,62.6000000,62.0360000,62.2300000,273562
20170504,000000,62.3620000,64.1680000,62.3090000,64.0390000,304242
20170505,000000,64.0830000,64.8860000,63.5250000,63.6568000,285348
20170506,000000,63.7220000,63.7220000,63.6740000,63.6740000,8
20170507,000000,63.6047000,64.2183000,63.6047000,63.8517000,435
20170508,000000,63.9990000,63.9990000,63.4060000,63.6130000,181272
20170509,000000,63.5100000,63.8337000,63.2360000,63.4880000,226199
20170510,000000,63.4880000,63.5740000,62.3030000,62.4260000,291038
20170511,000000,62.4260000,62.7080000,61.7920000,61.9550000,302730
20170512,000000,61.9690000,62.5650000,61.8290000,62.2330000,244854
20170513,000000,62.3020000,62.3780000,62.1055000,62.3780000,10
20170514,000000,62.2540000,62.5670000,62.2370000,62.3473000,272
20170515,000000,62.4340000,62.4340000,61.5870000,61.7960000,270789
20170516,000000,61.8710000,63.0390000,61.7140000,62.6370000,298501
20170517,000000,62.6390000,64.0870000,62.5840000,63.6600000,333457
20170518,000000,63.6610000,64.6830000,63.5250000,63.8350000,381909
20170519,000000,63.8350000,63.9520000,63.3690000,63.5630000,316621
20170520,000000,63.9160000,63.9160000,63.5620000,63.7591000,17
20170521,000000,63.4990000,63.6430000,63.2283000,63.4944000,147
20170522,000000,63.5890000,63.9910000,63.0180000,63.3283000,295007
20170523,000000,63.4180000,63.8010000,62.8430000,63.0790000,318930
20170524,000000,63.1410000,63.4162000,62.7880000,63.3191000,319880
20170525,000000,63.2850000,63.9010000,62.8610000,63.7060000,327918
20170526,000000,63.8090000,63.9460000,63.0020000,63.1489000,87070
20170527,000000,63.1910000,63.1960000,63.0403000,63.1960000,13
20170528,000000,63.0203000,64.0340000,62.9755000,63.9947000,114
20170529,000000,64.0230000,64.0230000,62.8550000,62.9950000,188775
20170530,000000,63.0570000,63.5750000,62.6980000,63.2683000,289409
20170531,000000,63.2840000,63.9530000,63.0160000,63.5850000,287644
20170601,000000,63.6380000,63.7530000,62.8630000,63.1932000,283814
20170602,000000,63.2070000,63.9700000,62.9950000,63.8786000,241974
20170603,000000,63.9120000,63.9120000,63.7160000,63.8435000,13
20170604,000000,63.7880000,64.0220000,63.7540000,63.7880000,302
20170605,000000,64.0140000,64.0750000,63.1030000,63.6940000,248468
20170606,000000,63.7050000,63.9240000,63.3880000,63.6160000,270376
20170607,000000,63.7040000,64.4290000,63.4350000,64.1700000,265126
20170608,000000,64.2320000,64.3895000,63.6120000,63.6300000,246221
20170609,000000,63.8190000,63.9204000,63.5270000,63.8021000,250629
20170610,000000,63.8330000,63.8480000,63.5611000,63.8480000,12
20170611,000000,63.6407000,63.8700000,63.6208000,63.8400000,277
20170612,000000,63.8260000,64.1480000,63.6450000,63.8330000,130683
20170613,000000,63.9320000,63.9773000,63.5320000,63.8490000,192244
20170614,000000,63.9060000,64.6810000,63.6840000,64.1242000,164475
20170615,000000,64.1170000,64.5920000,63.2223000,64.3900000,141603
20170616,000000,64.4730000,64.6950000,63.9560000,64.3460000,116990
20170617,000000,64.5490000,64.6680000,64.2683000,64.6050000,18
20170618,000000,64.6020000,64.7330000,64.2904000,64.6620000,146
20170619,000000,64.6510000,65.3120000,64.1452000,65.1637000,92762
20170620,000000,65.1710000,66.5350000,64.7650000,66.2520000,128041
20170621,000000,66.2980000,67.3610000,66.0930000,67.2858000,123340
20170622,000000,67.3140000,67.4220000,66.5250000,66.8030000,102928
20170623,000000,66.8960000,66.9990000,66.0436000,66.4370000,72055
20170624,000000,66.5350000,66.5350000,66.3189000,66.3397000,16
20170625,000000,66.4800000,66.5720000,66.4380000,66.4800000,142
20170626,000000,66.4760000,66.9170000,65.6110000,65.7094000,98929
20170627,000000,65.7530000,67.4660000,64.6930000,67.2630000,133760
20170628,000000,67.3900000,67.9220000,67.0620000,67.3879000,190167
20170629,000000,67.3910000,68.2440000,67.0610000,67.9060000,179820
20170630,000000,68.0460000,68.7803000,67.0160000,67.1430000,147522
20170701,000000,67.1680000,67.3620000,66.4815000,67.3620000,25
20170702,000000,67.1830000,67.2870000,66.4401000,66.4645000,306
20170703,000000,67.2010000,68.2540000,66.4701000,67.1620000,26079
20170704,000000,67.5060000,68.1241000,67.0920000,67.3720000,82751
20170705,000000,67.4230000,68.3530000,67.1100000,68.0220000,136192
20170706,000000,68.0920000,68.7150000,67.7820000,68.5860000,118081
20170707,000000,68.6770000,69.0820000,68.4310000,68.7652000,141014
20170708,000000,68.8950000,68.8950000,68.6473000,68.6475000,11
20170709,000000,68.6710000,69.0101000,68.6650000,68.7070000,224
20170710,000000,68.7850000,68.9630000,68.4830000,68.5730000,101181
20170711,000000,68.6440000,69.8490000,68.4420000,69.5410000,123015
20170712,000000,69.6060000,69.7750000,68.2060000,68.3570000,147772
20170713,000000,68.4150000,68.9460000,67.4926000,68.1838000,118370
20170714,000000,68.3200000,68.4750000,67.5530000,67.5748000,110558
20170715,000000,67.7110000,67.7200000,67.5512000,67.7001000,15
20170716,000000,67.6222000,67.7840000,67.5728000,67.6500000,255
20170717,000000,67.6650000,68.4810000,67.4570000,68.0504000,96567
20170718,000000,68.0910000,69.4210000,67.6680000,68.4157000,127453
20170719,000000,68.4900000,69.0460000,67.7860000,67.8810000,96608
20170720,000000,67.9110000,68.7950000,67.6050000,68.4557000,125046
20170721,000000,68.4920000,69.2750000,68.3730000,69.1190000,95349
20170722,000000,69.1780000,69.2875000,69.0990000,69.2820000,13
20170723,000000,69.0900000,69.6658000,68.9485000,69.1260000,247
20170724,000000,69.0610000,70.0890000,69.0147000,69.7390000,101303
20170725,000000,69.8740000,70.2580000,69.4710000,69.6750000,134111
20170726,000000,69.7510000,69.9750000,69.2670000,69.6431000,145763
20170727,000000,69.6800000,69.9960000,69.1200000,69.3320000,150471
20170728,000000,69.4830000,70.0710000,69.2400000,69.8995000,122806
20170729,000000,69.9600000,69.9810000,69.7133000,69.7137000,13
20170730,000000,69.8080000,70.3665000,69.8080000,69.8670000,123
20170731,000000,69.8790000,71.0100000,69.7153000,70.6895000,109219
20170801,000000,70.7700000,71.3520000,70.4850000,71.1855000,114572
20170802,000000,71.2420000,72.0940000,70.9930000,71.6540000,137733
20170803,000000,71.7880000,72.0180000,71.2240000,71.5410000,134969
20170804,000000,71.6250000,71.8230000,70.1900000,70.5428000,123548
20170805,000000,70.5150000,70.6120000,70.3445000,70.3445000,13
20170806,000000,70.4230000,70.8000000,70.3254000,70.4590000,320
20170807,000000,70.5383000,71.1840000,70.3940000,70.7755000,28297
20170808,000000,70.8160000,71.0040000,69.9330000,70.3030000,6951
20170809,000000,70.3470000,70.7081000,70.1610000,70.5769000,7239
20170810,000000,70.7470000,70.8110000,69.9630000,70.6940000,7295
20170811,000000,70.7780000,70.9130000,70.4790000,70.6997000,7422
20170812,000000,70.7360000,70.7360000,70.4010000,70.4183000,16
20170813,000000,70.4391000,70.7200000,70.4391000,70.5030000,287
20170814,000000,70.6780000,70.7790000,70.0014000,70.5176000,7628
20170815,000000,70.5900000,70.8021000,69.9610000,70.0348000,7605
20170816,000000,70.0590000,70.2610000,69.3200000,69.8506000,7087
20170817,000000,69.8740000,70.0070000,69.2030000,69.3968000,7165
20170818,000000,69.4280000,69.8700000,69.1730000,69.2747000,7377
20170819,000000,69.3260000,69.3260000,69.0839000,69.3000000,12
20170820,000000,68.9913000,69.4680000,68.9913000,69.2805000,189
20170821,000000,69.3240000,69.8850000,69.0500000,69.8346000,7738
20170822,000000,69.8700000,69.9140000,69.2080000,69.4310000,7209
20170823,000000,69.4950000,69.8710000,69.3240000,69.7005000,7224
20170824,000000,69.7320000,69.9950000,69.5480000,69.7230000,7271
20170825,000000,69.7970000,69.9700000,69.4720000,69.7650000,7095
20170826,000000,69.8510000,69.8690000,69.5855000,69.6410000,24
20170827,000000,69.8210000,70.0660000,69.4720000,69.8761000,381
20170828,000000,69.8850000,70.1520000,69.5470000,69.9714000,6942
20170829,000000,69.9950000,70.9469000,69.8770000,70.3767000,7219
20170830,000000,70.4260000,70.4870000,69.3550000,69.3760000,6629
20170831,000000,69.3550000,69.7207000,68.8230000,69.0380000,6946
20170901,000000,69.1060000,69.2000000,68.0830000,68.0830000,7053
20170902,000000,68.1760000,68.1760000,68.0470000,68.1440000,10
20170903,000000,68.1940000,68.2940000,68.0390000,68.2000000,154
20170904,000000,68.2820000,68.9940000,68.1480000,68.6880000,5829
20170905,000000,68.7930000,69.0720000,68.1172000,68.4310000,6936
20170906,000000,68.4230000,68.6820000,68.2100000,68.3890000,6205
20170907,000000,68.3890000,68.6230000,67.9819000,68.2960000,8931
20170908,000000,68.4080000,69.1290000,68.2960000,68.8760000,9252
20170909,000000,69.0420000,69.0420000,68.8780000,69.0420000,7
20170910,000000,68.9640000,69.0530000,68.8010000,68.8410000,143
20170911,000000,68.8350000,69.0430000,68.2330000,68.2950000,7898
20170912,000000,68.3710000,69.0770000,68.2540000,68.9190000,7209
20170913,000000,68.9950000,69.4310000,68.5520000,68.7899000,8753
20170914,000000,68.8430000,68.9610000,68.0910000,68.4625000,8297
20170915,000000,68.5410000,69.1160000,68.3270000,68.7480000,8783
20170916,000000,68.8260000,69.0430000,68.6123000,69.0430000,11
20170917,000000,68.6270000,68.8480000,68.6070000,68.6070000,103
20170918,000000,68.7030000,69.5060000,68.5445000,69.3520000,9911
20170919,000000,69.3515000,69.9290000,69.3390000,69.6268000,121165
20170920,000000,69.6960000,69.8520000,68.9652000,69.1230000,109161
20170921,000000,69.2880000,69.3780000,68.8330000,69.1210000,120141
20170922,000000,69.2050000,69.3250000,68.1202000,68.6770000,110666
20170923,000000,68.7470000,68.7640000,68.5240000,68.7640000,7
20170924,000000,68.6310000,68.8000000,68.3120000,68.3210000,232
20170925,000000,68.3260000,68.8440000,67.9181000,68.1211000,123591
20170926,000000,68.1560000,68.4760000,67.7715000,68.1660000,133783
20170927,000000,68.2590000,68.5310000,67.9010000,68.2707000,124212
20170928,000000,68.3440000,68.7270000,68.1264000,68.1740000,127182
20170929,000000,68.2740000,68.5020000,67.8250000,67.9566000,129079
20170930,000000,67.9560000,68.1086000,67.8980000,67.9880000,10
20171001,000000,67.9380000,68.0230000,67.7050000,67.8052000,257
20171002,000000,67.7830000,68.1000000,67.0260000,67.7454000,111565
20171003,000000,67.8650000,68.2970000,67.6360000,67.9560000,14975
20171004,000000,67.9702000,68.2680000,67.5902000,67.7555000,73962
20171005,000000,67.8240000,67.8780000,67.1890000,67.5770000,77965
20171006,000000,67.5910000,68.3280000,67.4000000,68.1284000,63227
20171007,000000,68.1730000,68.2062000,68.1380000,68.1560000,8
20171008,000000,68.2570000,68.2570000,67.9608000,67.9617000,146
20171009,000000,68.1610000,68.6390000,67.9810000,68.3750000,83148
20171010,000000,68.2450000,68.6310000,68.0280000,68.3491000,63473
20171011,000000,68.4800000,68.6800000,68.1773000,68.4640000,83141
20171012,000000,68.5170000,68.6590000,68.1370000,68.2395000,109186
20171013,000000,68.2490000,68.4412000,67.4600000,67.6568000,95962
20171014,000000,67.7600000,67.7600000,67.6020000,67.6020000,7
20171015,000000,67.5360000,67.6260000,67.4500000,67.5483000,93
20171016,000000,67.5488000,67.7440000,67.1123000,67.4454000,90860
20171017,000000,67.4790000,67.6300000,67.2420000,67.3942000,91911
20171018,000000,67.3960000,67.7880000,66.7870000,67.6960000,95395
20171019,000000,67.7180000,68.2060000,67.5510000,67.8430000,110052
20171020,000000,67.7576000,68.0260000,67.4729000,67.7050000,112099
20171021,000000,67.7490000,67.7550000,67.5508000,67.7550000,8
20171022,000000,67.5820000,67.7620000,67.5020000,67.5360000,235
20171023,000000,67.6160000,67.7600000,67.3437000,67.4728000,94756
20171024,000000,67.5630000,67.8910000,67.4175000,67.7497000,101451
20171025,000000,67.7930000,68.2550000,67.5610000,68.1960000,122674
20171026,000000,68.2160000,68.3980000,67.2530000,67.2860000,122903
20171027,000000,67.3860000,68.1470000,67.1000000,67.3597000,131415
20171028,000000,67.4150000,67.4287000,67.3560000,67.4090000,9
20171029,000000,67.3810000,67.9213000,67.3140000,67.6668000,282
20171030,000000,67.5830000,67.6767000,66.9671000,67.5110000,94067
20171031,000000,67.5420000,68.2040000,67.3180000,67.8347000,112228
20171101,000000,67.9350000,67.9790000,67.1970000,67.6204000,107154
20171102,000000,67.6260000,68.1570000,67.2024000,67.7509000,98864
20171103,000000,67.8460000,68.8440000,67.6970000,67.9885000,112214
20171104,000000,68.5380000,68.5590000,67.7880000,68.5590000,10
20171105,000000,68.4670000,68.6380000,68.4240000,68.4379000,113
20171106,000000,68.5140000,68.6450000,67.5350000,67.6010000,93593
20171107,000000,67.6010000,68.8000000,67.5042000,68.7520000,146916
20171108,000000,68.7520000,69.1030000,68.3988000,68.6560000,121747
20171109,000000,68.6840000,69.1920000,68.5150000,68.9910000,131756
20171110,000000,68.9910000,69.3150000,68.7397000,69.0190000,116820
20171111,000000,69.0360000,69.0780000,68.7866000,68.9940000,1470
20171112,000000,68.9600000,69.0150000,68.8980000,68.9472000,79
20171113,000000,68.9460000,69.4650000,68.7415000,69.2650000,103252
20171114,000000,69.2650000,71.0290000,69.1590000,71.0010000,121443
20171115,000000,71.0010000,71.5670000,70.7840000,70.9710000,130132
20171116,000000,70.9710000,71.0270000,70.0330000,70.1990000,119018
20171117,000000,70.1990000,70.5020000,69.5280000,69.6020000,111863
20171118,000000,69.6300000,69.6550000,69.4210000,69.5830000,1646
20171119,000000,69.6010000,69.9894000,69.4533000,69.6744000,307
20171120,000000,69.4562000,70.1970000,69.2170000,69.5930000,107549
20171121,000000,69.5930000,69.9170000,69.2670000,69.4600000,110534
20171122,000000,69.4760000,69.5490000,68.8444000,69.0620000,81760
20171123,000000,69.0620000,69.3220000,68.8249000,69.2600000,87415
20171124,000000,69.2660000,69.7140000,69.1030000,69.6300000,101498
20171125,000000,69.6560000,69.8718000,69.5480000,69.7120000,203
20171126,000000,69.5950000,69.7410000,69.5140000,69.6559000,174
20171127,000000,69.7590000,69.7590000,69.2050000,69.5116000,104489
20171128,000000,69.5840000,69.7130000,68.9870000,69.1220000,111767
20171129,000000,69.1250000,69.6350000,68.9176000,69.5300000,119004
20171130,000000,69.5300000,69.7640000,69.0307000,69.5500000,147237
20171201,000000,69.5680000,70.5170000,69.3364000,70.0070000,146744
20171202,000000,70.0070000,70.1120000,69.6574000,70.0640000,1781
20171203,000000,70.0300000,70.2627000,69.8151000,69.8386000,287
20171204,000000,69.8481000,69.9810000,69.3980000,69.7280000,128593
20171205,000000,69.7240000,69.8290000,69.1845000,69.4290000,104634
20171206,000000,69.4290000,69.9500000,69.3250000,69.8370000,116866
20171207,000000,69.8560000,69.9900000,69.5500000,69.6380000,122141
20171208,000000,69.6380000,69.8000000,69.3997000,69.5410000,114238
20171209,000000,69.5410000,69.6020000,69.4070000,69.5720000,975
20171210,000000,69.6950000,69.6950000,69.5180000,69.5290000,7
20171211,000000,69.5530000,69.9550000,68.7930000,69.3318000,94255
20171212,000000,69.4030000,69.6040000,69.1200000,69.5340000,79705
20171213,000000,69.5480000,69.6870000,68.8670000,69.2320000,72210
20171214,000000,69.2940000,69.6210000,69.0370000,69.3510000,86700
20171215,000000,69.3820000,69.6660000,69.0140000,69.1400000,79448
20171216,000000,69.1530000,69.1610000,68.9725000,69.1160000,319
20171217,000000,69.1150000,69.1190000,68.9657000,68.9687000,10
20171218,000000,69.1080000,69.3400000,68.7439000,69.0970000,76595
20171219,000000,69.0960000,69.6750000,69.0110000,69.5740000,78632
20171220,000000,69.5740000,69.8140000,69.3215000,69.6880000,59057
20171221,000000,69.7130000,69.7660000,69.1890000,69.3830000,64254
20171222,000000,69.4140000,69.4391000,68.8696000,69.1037000,40019
20171223,000000,69.1660000,69.2090000,68.9630000,69.1910000,255
20171224,000000,69.1360000,69.1360000,69.1360000,69.1360000,1
20171225,000000,69.0199000,69.2500000,68.5047000,68.8220000,1294
20171226,000000,68.8050000,69.2643000,68.2712000,68.2837000,31339
20171227,000000,68.3470000,68.9060000,68.0350000,68.7454000,67598
20171228,000000,68.8130000,68.8560000,68.3270000,68.5840000,38807
20171229,000000,68.6190000,69.4570000,68.4858000,69.2920000,74461
20171230,000000,69.1813000,69.3360000,68.8565000,69.1890000,228
20171231,000000,69.2100000,69.2100000,69.2100000,69.2100000,1
20180101,000000,69.1930000,69.6150000,69.1730000,69.2260000,235
20180102,000000,69.5490000,69.6240000,68.8251000,69.1640000,52915
20180103,000000,69.2520000,69.6890000,68.5910000,68.6450000,73549
20180104,000000,68.7430000,69.0192000,68.4150000,68.6360000,70948
20180105,000000,68.7000000,68.8480000,68.3980000,68.5630000,73605
20180106,000000,68.4760000,68.5676000,67.8916000,68.5070000,210
20180107,000000,68.6090000,68.6090000,68.4430000,68.4620000,13
20180108,000000,68.4000000,68.6700000,68.2090000,68.3465000,52292
20180109,000000,68.3440000,68.3910000,67.7100000,67.9590000,74909
20180110,000000,67.9716000,68.4860000,67.6750000,68.1390000,83714
20180111,000000,68.1550000,68.5010000,67.7630000,67.8750000,84729
20180112,000000,67.9040000,69.0330000,67.7710000,69.0130000,48858
20180113,000000,69.0420000,69.1799000,68.9220000,69.1260000,442
20180114,000000,68.7850000,69.0170000,68.7850000,68.9880000,7
20180115,000000,69.0960000,69.4580000,68.6270000,69.1509000,72952
20180116,000000,69.1790000,69.3900000,68.7930000,69.3668000,87366
20180117,000000,69.3920000,69.5949000,68.9950000,69.3406000,91547
20180118,000000,69.3460000,69.4283000,68.9340000,69.1500000,88897
20180119,000000,69.1750000,69.5470000,69.0630000,69.2900000,83665
20180120,000000,69.3030000,69.3763000,68.7363000,69.3430000,277
20180121,000000,69.2730000,69.4650000,69.2730000,69.4650000,4
20180122,000000,69.5580000,69.5580000,69.0230000,69.2237000,71873
20180123,000000,69.2290000,69.4250000,68.9060000,69.3090000,84304
20180124,000000,69.3470000,69.8540000,69.2200000,69.5650000,89269
20180125,000000,69.6160000,69.8990000,69.0290000,69.2730000,110428
20180126,000000,69.2790000,69.9510000,68.9950000,69.8340000,96403
20180127,000000,69.8250000,69.8980000,69.7580000,69.8690000,342
20180128,000000,69.8150000,69.8550000,69.8150000,69.8550000,8
20180129,000000,69.8020000,70.0574000,69.4710000,69.7370000,89372
20180130,000000,69.7520000,70.0520000,69.3050000,69.8710000,98136
20180131,000000,69.8900000,70.2290000,69.6240000,69.7520000,99114
20180201,000000,69.7790000,70.2610000,69.5350000,69.9609000,75569
20180202,000000,69.9450000,70.4720000,69.8420000,70.4400000,84050
20180203,000000,70.4400000,70.4670000,70.0870000,70.4450000,350
20180204,000000,70.2780000,70.2780000,69.8519000,69.8519000,39
20180205,000000,69.8660000,71.0260000,69.7770000,70.9710000,94169
20180206,000000,70.9730000,71.2368000,70.2420000,70.3220000,124248
20180207,000000,70.3220000,70.8434000,70.1200000,70.8290000,107152
20180208,000000,70.8440000,71.5756000,70.5330000,71.5140000,106894
20180209,000000,71.5120000,71.8340000,70.9600000,71.3750000,70187
20180210,000000,71.3970000,71.5060000,71.3150000,71.4960000,251
20180211,000000,71.7040000,71.7040000,71.7040000,71.7040000,1
20180212,000000,71.4490000,71.7860000,70.7410000,70.9720000,88803
20180213,000000,71.0380000,71.5810000,70.7190000,71.1990000,94603
20180214,000000,71.2270000,71.6670000,70.4390000,70.6810000,85672
20180215,000000,70.7260000,70.9450000,70.3920000,70.4880000,104927
20180216,000000,70.5120000,70.9360000,69.8420000,69.9610000,51434
20180217,000000,69.9690000,70.0320000,69.8510000,70.0320000,236
20180218,000000,69.9810000,70.1853000,69.9810000,70.0270000,45
20180219,000000,70.0270000,70.1884000,69.7400000,70.0380000,75861
20180220,000000,70.0480000,70.1220000,69.5020000,69.6330000,96805
20180221,000000,69.6950000,69.8800000,69.5650000,69.7660000,89075
20180222,000000,69.7850000,69.9040000,69.4950000,69.6490000,94164
20180223,000000,69.6750000,69.7439000,69.0790000,69.2250000,71758
20180224,000000,69.2640000,69.2895000,68.8520000,69.2150000,240
20180225,000000,69.2590000,69.2590000,68.9029000,68.9259000,15
20180226,000000,68.9560000,69.3950000,68.5100000,68.5900000,87507
20180227,000000,68.6080000,69.3950000,68.3920000,68.7850000,96064
20180228,000000,68.8010000,69.3950000,68.1910000,68.7480000,92717
20180301,000000,68.7570000,69.7810000,68.5570000,69.6580000,89861
20180302,000000,69.6810000,70.5950000,69.3260000,70.0680000,90554
20180303,000000,70.0650000,70.0650000,69.7081000,69.9650000,314
20180304,000000,70.0350000,70.6746000,70.0350000,70.5091000,45
20180305,000000,70.4710000,70.6339000,69.4920000,69.5620000,84975
20180306,000000,69.5800000,70.4149000,69.4650000,70.2640000,94340
20180307,000000,70.2640000,70.9060000,70.1770000,70.5130000,88393
20180308,000000,70.5772000,70.7810000,70.0920000,70.1690000,84839
20180309,000000,70.2440000,70.3270000,69.3950000,69.7030000,90727
20180310,000000,69.6400000,69.7420000,69.6100000,69.7230000,210
20180311,000000,69.7620000,69.8810000,69.7620000,69.8730000,17
20180312,000000,69.9350000,70.2258000,69.3950000,70.2017000,71412
20180313,000000,70.2250000,70.7732000,69.9640000,70.6824000,84998
20180314,000000,70.6840000,70.8130000,70.2180000,70.6917000,76753
20180315,000000,70.6860000,70.9050000,70.2820000,70.6545000,65482
20180316,000000,70.6890000,71.0110000,70.5570000,70.6652000,57368
20180317,000000,70.6890000,70.6890000,70.6020000,70.6770000,12
20180318,000000,70.6480000,70.7040000,70.4977000,70.5017000,21
20180319,000000,70.5150000,71.5620000,70.3330000,71.1870000,70183
20180320,000000,71.2550000,71.3870000,70.3360000,70.4506000,75252
20180321,000000,70.5030000,70.7270000,70.0630000,70.0920000,71519
20180322,000000,70.1800000,70.5070000,69.9730000,70.3370000,81626
20180323,000000,70.4190000,70.8622000,70.2290000,70.6150000,75720
20180324,000000,70.6880000,70.7440000,70.6880000,70.7440000,8
20180325,000000,70.6920000,70.7580000,70.5590000,70.6050000,48
20180326,000000,70.7770000,71.5677000,70.3360000,71.1486000,76681
20180327,000000,71.1660000,71.3500000,70.6550000,71.0820000,82054
20180328,000000,71.2040000,71.4344000,70.9030000,71.0300000,75205
20180329,000000,71.0850000,71.2192000,70.2780000,70.4704000,43348
20180330,000000,70.4370000,70.8350000,70.1960000,70.6709000,5320
20180331,000000,70.7500000,70.7500000,70.4160000,70.4160000,8
20180401,000000,70.2280000,70.5140000,70.2280000,70.4820000,19
20180402,000000,70.4600000,71.0080000,70.3640000,70.5251000,27612
20180403,000000,70.4450000,70.9820000,70.2900000,70.6647000,60089
20180404,000000,70.6610000,71.2200000,70.2180000,70.5034000,68645
20180405,000000,70.4940000,70.8000000,70.3970000,70.6062000,71289
20180406,000000,70.6120000,71.4506000,70.3990000,71.3460000,79694
20180407,000000,71.3320000,71.4340000,71.3097000,71.4340000,9
20180408,000000,71.3680000,71.4000000,71.3390000,71.3679000,35
20180409,000000,71.3820000,74.6930000,71.1810000,74.4910000,75514
20180410,000000,74.6820000,78.7460000,74.0540000,77.8540000,19805
20180411,000000,77.9390000,80.4760000,76.7630000,77.1260000,33505
20180412,000000,77.2520000,78.0090000,75.5650000,76.1600000,44159
20180413,000000,76.2970000,76.7520000,75.3890000,76.5791000,26007
20180414,000000,76.6060000,76.6060000,76.4930000,76.4930000,9
20180415,000000,76.4590000,77.1948000,76.4590000,77.1592000,41
20180416,000000,77.1740000,77.8990000,75.4390000,75.6550000,41870
20180417,000000,75.6730000,76.5730000,75.3860000,76.0882000,48508
20180418,000000,76.1070000,76.6046000,75.0870000,75.3022000,51333
20180419,000000,75.2840000,75.6983000,74.9290000,75.3678000,63355
20180420,000000,75.3400000,75.8050000,75.0970000,75.4041000,59152
20180421,000000,75.4120000,75.4120000,75.3855000,75.4000000,8
20180422,000000,75.3630000,75.5919000,75.1850000,75.5919000,11
20180423,000000,75.6050000,76.0760000,74.8190000,75.4490000,43448
20180424,000000,75.5320000,75.5574000,74.8750000,75.2908000,52074
20180425,000000,75.3210000,76.1200000,75.0650000,75.8100000,54861
20180426,000000,75.9150000,76.7500000,75.5610000,76.0015000,59761
20180427,000000,76.0400000,76.0760000,74.6770000,75.3160000,68405
20180428,000000,75.3920000,75.4350000,75.0870000,75.4070000,14
20180429,000000,75.2910000,75.9345000,74.3717000,75.8353000,153
20180430,000000,75.8570000,76.3720000,75.3380000,76.0180000,56872
20180501,000000,76.0320000,76.5009000,75.8510000,76.3012000,4711
20180502,000000,76.2980000,76.8730000,75.3890000,76.4760000,64947
20180503,000000,76.5750000,76.6500000,75.2460000,75.4220000,70318
20180504,000000,75.5030000,75.9290000,74.4430000,74.9913000,67346
20180505,000000,74.6970000,75.0440000,74.6970000,74.8440000,8
20180506,000000,74.6610000,74.9183000,73.9712000,74.8120000,58
20180507,000000,75.0470000,75.0900000,74.4510000,74.9260000,55167
20180508,000000,74.9700000,75.5029000,74.7050000,74.9412000,70848
20180509,000000,75.0170000,75.9260000,74.4840000,74.6290000,7853
20180510,000000,74.7830000,74.8930000,73.1770000,73.5040000,71412
20180511,000000,73.6490000,74.0380000,73.2820000,73.8070000,65889
20180512,000000,73.9270000,73.9270000,73.8691000,73.9270000,14
20180513,000000,73.9960000,74.0310000,73.4670000,73.5130000,10
20180514,000000,73.5500000,74.2310000,73.4440000,73.7530000,75568
20180515,000000,73.8030000,74.2950000,73.5660000,73.7240000,79802
20180516,000000,73.6880000,73.9510000,72.5820000,72.8010000,80727
20180517,000000,72.8660000,73.3640000,72.7070000,73.2200000,66107
20180518,000000,73.3260000,73.6670000,73.0070000,73.3180000,74297
20180519,000000,73.4170000,73.4170000,73.1480000,73.3400000,10
20180520,000000,73.2280000,73.3830000,73.1940000,73.3750000,25
20180521,000000,73.3800000,73.6280000,72.2950000,72.5767000,81782
20180522,000000,72.5820000,72.7600000,71.6890000,72.0340000,91642
20180523,000000,72.0850000,72.3470000,71.5740000,71.6180000,95301
20180524,000000,71.7140000,72.4320000,71.5860000,72.1269000,89784
20180525,000000,72.1820000,72.7550000,71.9410000,72.1380000,62705
20180526,000000,72.2390000,72.4720000,72.2390000,72.4720000,11
20180527,000000,72.6650000,72.7030000,72.0342000,72.4935000,205
20180528,000000,72.4930000,72.9738000,72.2240000,72.4318000,50521
20180529,000000,72.4170000,72.6120000,72.0520000,72.5292000,69420
20180530,000000,72.5480000,72.6420000,72.1610000,72.4245000,118832
20180531,000000,72.4140000,73.0160000,72.2440000,72.8918000,98217
20180601,000000,72.9770000,73.0220000,72.2570000,72.4380000,99303
20180602,000000,72.5200000,72.5360000,72.4230000,72.5360000,10
20180603,000000,72.4126000,72.4740000,72.1714000,72.2757000,51
20180604,000000,72.4490000,72.7720000,72.2260000,72.5805000,70236
20180605,000000,72.6110000,72.8911000,72.2930000,72.8129000,94241
20180606,000000,72.8210000,73.1270000,72.0460000,72.6870000,100067
20180607,000000,72.7630000,73.9310000,72.5100000,73.5220000,95544
20180608,000000,73.5940000,74.0159000,73.1960000,73.3062000,47540
20180609,000000,73.3020000,73.3360000,73.2740000,73.3210000,7
20180610,000000,73.3840000,73.5069000,73.1370000,73.5052000,31
20180611,000000,73.5040000,74.1520000,72.5890000,74.0030000,89583
20180612,000000,73.9850000,74.2990000,73.6440000,74.0375000,22548
20180613,000000,74.0620000,75.0760000,73.2690000,73.7450000,99423
20180614,000000,73.7940000,73.9480000,72.0740000,72.2590000,140819
20180615,000000,72.3480000,73.5542000,72.0450000,73.3021000,131353
20180616,000000,73.2670000,73.2930000,73.2670000,73.2930000,8
20180617,000000,73.1790000,73.2600000,73.1790000,73.2190000,7
20180618,000000,72.7340000,73.9940000,72.7280000,73.5710000,91852
20180619,000000,73.5690000,74.2760000,73.5690000,73.9510000,121976
20180620,000000,74.0450000,74.0450000,73.3170000,73.5320000,103408
20180621,000000,73.5810000,74.0352000,73.3830000,73.7470000,138196
20180622,000000,73.8460000,74.5090000,73.1090000,73.4971000,125245
20180623,000000,73.5020000,73.5020000,73.4600000,73.4800000,8
20180624,000000,73.2250000,73.3670000,73.2120000,73.3640000,11
20180625,000000,73.3780000,73.6890000,73.1070000,73.5650000,108044
20180626,000000,73.6150000,73.8230000,73.1880000,73.4796000,112814
20180627,000000,73.5210000,73.6899000,72.8240000,72.8270000,120065
20180628,000000,72.9370000,73.1860000,72.5010000,72.5700000,116770
20180629,000000,72.6700000,73.4161000,72.5280000,73.3081000,130546
20180630,000000,73.3210000,73.3810000,73.1670000,73.3810000,10
20180701,000000,73.2210000,73.5670000,73.0540000,73.4509000,49
20180702,000000,73.4580000,74.5840000,73.1970000,73.8199000,97269
20180703,000000,73.8050000,74.6133000,73.4590000,73.5200000,38755
20180704,000000,73.6070000,73.8710000,73.4600000,73.7240000,66338
20180705,000000,73.7720000,74.0450000,73.5690000,73.7251000,103950
20180706,000000,73.7760000,74.1970000,73.7070000,73.9582000,97277
20180707,000000,73.9890000,73.9890000,73.9072000,73.9170000,9
20180708,000000,73.9540000,73.9540000,73.8180000,73.8980000,13
20180709,000000,73.8390000,74.4810000,73.2160000,73.2630000,83518
20180710,000000,73.3210000,73.5460000,72.3310000,72.5531000,97425
20180711,000000,72.5770000,73.0159000,72.2790000,72.8330000,120495
20180712,000000,72.8690000,72.9093000,72.1780000,72.6125000,102699
20180713,000000,72.6590000,73.2338000,72.2460000,73.0480000,111471
20180714,000000,73.0850000,73.1920000,73.0142000,73.1920000,9
20180715,000000,72.9980000,73.1130000,72.8450000,72.8520000,13
20180716,000000,73.0660000,73.1700000,72.5550000,73.0671000,94292
20180717,000000,73.0700000,73.3690000,72.7210000,72.9962000,99949
20180718,000000,73.0360000,73.6356000,72.8090000,73.3302000,106623
20180719,000000,73.3300000,74.2200000,73.1250000,74.0219000,122150
20180720,000000,74.0340000,74.5385000,73.3620000,73.5290000,135014
20180721,000000,73.5300000,74.3490000,73.2140000,74.3490000,10
20180722,000000,74.4080000,74.4840000,74.2784000,74.2796000,57
20180723,000000,74.2810000,74.6480000,73.5840000,73.6670000,109014
20180724,000000,73.7290000,74.1883000,73.1840000,73.9774000,103992
20180725,000000,74.0020000,74.1016000,73.3140000,73.5870000,107092
20180726,000000,73.6590000,73.8950000,73.0900000,73.1870000,103088
20180727,000000,73.2820000,73.3790000,72.4107000,72.9290000,95086
20180728,000000,72.9450000,73.1860000,72.9320000,73.1700000,11
20180729,000000,73.1470000,73.2300000,73.1470000,73.1820000,7
20180730,000000,73.0530000,73.3855000,72.6840000,72.7890000,85404
20180731,000000,72.8510000,73.4110000,72.5620000,73.0240000,98349
20180801,000000,73.1030000,73.5728000,72.8940000,73.3581000,88123
20180802,000000,73.3430000,73.8210000,73.2160000,73.3720000,91320
20180803,000000,73.3850000,73.9192000,73.0860000,73.8347000,103566
20180804,000000,73.9020000,73.9020000,73.2260000,73.2260000,14
20180805,000000,73.2140000,73.5250000,73.1630000,73.3300000,18
20180806,000000,73.3270000,73.7034000,73.0740000,73.5760000,81922
20180807,000000,73.6540000,73.6830000,73.4010000,73.5830000,80712
20180808,000000,73.6510000,76.1830000,73.5370000,76.1494000,89862
20180809,000000,76.1510000,77.3160000,75.9890000,76.7795000,78546
20180810,000000,76.8080000,77.3820000,76.2590000,77.2248000,117764
20180811,000000,77.1710000,77.2410000,77.1710000,77.2410000,10
20180812,000000,77.1320000,77.3940000,76.9770000,77.1959000,45
20180813,000000,77.1990000,78.9265000,76.7010000,76.9440000,18904
20180814,000000,77.0470000,77.3880000,74.7797000,75.1390000,89198
20180815,000000,75.2180000,76.7106000,75.0660000,76.2460000,95163
20180816,000000,76.2960000,76.6290000,75.5561000,75.9200000,107516
20180817,000000,76.0380000,77.0937000,75.1990000,75.1990000,101807
20180818,000000,76.6250000,76.6250000,76.6110000,76.6250000,12
20180819,000000,76.7500000,76.8940000,76.7220000,76.8800000,23
20180820,000000,76.8510000,77.0780000,76.3680000,76.9680000,86143
20180821,000000,76.8590000,77.9180000,76.8500000,77.8050000,90339
20180822,000000,77.8880000,79.3292000,77.6320000,78.8700000,100528
20180823,000000,78.9110000,79.7670000,78.0030000,78.6600000,98693
20180824,000000,78.7440000,79.6360000,77.4690000,78.1495000,102541
20180825,000000,78.1280000,78.3850000,78.0590000,78.3850000,9
20180826,000000,78.1240000,78.3570000,78.1240000,78.3317000,30
20180827,000000,78.3420000,78.9965000,77.8370000,78.7310000,66225
20180828,000000,78.6740000,79.5685000,78.4870000,79.2220000,88701
20180829,000000,79.3620000,79.9374000,78.9340000,79.7050000,83668
20180830,000000,79.7110000,79.7470000,79.0460000,79.5500000,91048
20180831,000000,79.6620000,79.6909000,78.1020000,78.2225000,30774
20180901,000000,78.3230000,78.5672000,78.1360000,78.2960000,9
20180902,000000,78.3306000,78.3472000,78.3177000,78.3472000,17
20180903,000000,78.3500000,79.1995000,78.1760000,78.7770000,74786
20180904,000000,78.8950000,79.1818000,78.5370000,78.8860000,97175
20180905,000000,78.9340000,79.5167000,78.6750000,79.3103000,108134
20180906,000000,79.3310000,80.8079000,78.5060000,80.4982000,93296
20180907,000000,80.4450000,80.9190000,80.0290000,80.8909000,99616
20180908,000000,80.8980000,80.9740000,80.8980000,80.9200000,10
20180909,000000,80.7420000,80.7420000,80.3079000,80.3110000,32
20180910,000000,80.3110000,81.8831000,80.2360000,81.7080000,61404
20180911,000000,81.7790000,81.9430000,80.4610000,80.5253000,64689
20180912,000000,80.5310000,80.7970000,79.8100000,79.9600000,91804
20180913,000000,80.0720000,80.4050000,78.9420000,79.7290000,100809
20180914,000000,79.8340000,80.1930000,78.8880000,79.1007000,94217
20180915,000000,79.1240000,79.2200000,79.0900000,79.0900000,9
20180916,000000,79.2100000,79.2100000,79.0260000,79.0260000,13
20180917,000000,79.0980000,79.5926000,78.9770000,79.4630000,86329
20180918,000000,79.5440000,79.9570000,78.4730000,78.5480000,102492
20180919,000000,78.5250000,78.7190000,77.6870000,77.7660000,108702
20180920,000000,77.8470000,78.3620000,77.4310000,78.0080000,96070
20180921,000000,77.9970000,78.5450000,77.8510000,77.9690000,96440
20180922,000000,78.0820000,78.0820000,77.8769000,78.0770000,8
20180923,000000,78.0340000,78.2776000,78.0190000,78.2523000,30
20180924,000000,78.2480000,78.4120000,77.2230000,77.3690000,6580
20180925,000000,77.5500000,77.8490000,77.0990000,77.3740000,6569
20180926,000000,77.4490000,77.5890000,76.9930000,77.3113000,6703
20180927,000000,77.3430000,77.6270000,75.9650000,76.2260000,6794
20180928,000000,76.3530000,76.4240000,75.8820000,75.9830000,6865
20180929,000000,76.1270000,76.1460000,75.9730000,76.1460000,10
20180930,000000,76.2390000,76.3110000,76.1060000,76.1390000,25
20181001,000000,76.1140000,76.3130000,75.0100000,75.2428000,6584
20181002,000000,75.2750000,75.7560000,74.9660000,75.5900000,6519
20181003,000000,75.5800000,75.9000000,75.4460000,75.5707000,6757
20181004,000000,75.6090000,77.1930000,75.4010000,77.0094000,5909
20181005,000000,76.9740000,77.1060000,76.4140000,76.6710000,6660
20181006,000000,76.7890000,76.7890000,76.7675000,76.7690000,9
20181007,000000,76.6930000,76.8460000,76.6220000,76.7830000,14
20181008,000000,76.7830000,77.1391000,76.1410000,76.4953000,6797
20181009,000000,76.5220000,76.6680000,75.9220000,76.0200000,6672
20181010,000000,76.1030000,77.0930000,75.8340000,76.8950000,6001
20181011,000000,77.0380000,77.3681000,76.3130000,76.8327000,5566
20181012,000000,76.8670000,76.8670000,76.1280000,76.2680000,5348
20181013,000000,76.3580000,76.4838000,76.2848000,76.3150000,9
20181014,000000,76.3460000,76.5540000,76.1601000,76.1735000,65
20181015,000000,76.2000000,76.5860000,75.6860000,75.9630000,5371
20181016,000000,76.0340000,76.0780000,75.5140000,75.5730000,5486
20181017,000000,75.6530000,75.8712000,75.1920000,75.2720000,6831
20181018,000000,75.3550000,75.7632000,75.2230000,75.2630000,6902
20181019,000000,75.3540000,75.4790000,75.0170000,75.2269000,6885
20181020,000000,75.2910000,75.3920000,75.2910000,75.3920000,8
20181021,000000,75.1795000,75.5520000,75.1795000,75.5313000,54
20181022,000000,75.5450000,75.6820000,74.4750000,74.6650000,6438
20181023,000000,74.7510000,75.4530000,74.5870000,75.0348000,6859
20181024,000000,75.0600000,75.3770000,73.9900000,74.7554000,6974
20181025,000000,74.7870000,75.1468000,74.3070000,74.5310000,6933
20181026,000000,74.6140000,75.0731000,74.3120000,74.6784000,6978
20181027,000000,74.5630000,74.9100000,74.4378000,74.9100000,9
20181028,000000,74.5551000,74.8270000,74.5346000,74.5451000,38
20181029,000000,74.5670000,75.3380000,74.4570000,74.8608000,6710
20181030,000000,74.8650000,74.9640000,74.0750000,74.2560000,6757
20181031,000000,74.2730000,74.6615000,74.0570000,74.4350000,6631
20181101,000000,74.5100000,75.1138000,74.2020000,74.8200000,6849
20181102,000000,74.9220000,75.4808000,74.7700000,75.2910000,6677
20181103,000000,75.3450000,75.3730000,75.2582000,75.3250000,14
20181104,000000,75.4550000,75.4550000,75.4160000,75.4160000,6
20181105,000000,75.4200000,75.6392000,74.9360000,75.3347000,5903
20181106,000000,75.3500000,75.5200000,74.8160000,75.4410000,6434
20181107,000000,75.4750000,76.3130000,75.1450000,75.8537000,6660
20181108,000000,75.8660000,76.3130000,75.3990000,75.8890000,6230
20181109,000000,76.0140000,77.2350000,75.6580000,76.9910000,6651
20181110,000000,77.0390000,77.0540000,76.7470000,76.7470000,216
20181111,000000,76.8180000,76.8180000,76.7800000,76.7900000,12
20181112,000000,76.9050000,76.9380000,75.8280000,76.2110000,6691
20181113,000000,76.2700000,76.8980000,75.8560000,76.8525000,6526
20181114,000000,76.8690000,76.9970000,75.7440000,75.9155000,6119
20181115,000000,75.9340000,76.2010000,74.4980000,74.5020000,6456
20181116,000000,74.6680000,75.5070000,74.3850000,75.3818000,6452
20181117,000000,75.4290000,75.4410000,75.2017000,75.3300000,214
20181118,000000,75.2360000,75.2550000,75.2200000,75.2550000,13
20181119,000000,75.2460000,75.5883000,74.9440000,74.9800000,6044
20181120,000000,75.1230000,75.3515000,74.8460000,75.1760000,6488
20181121,000000,75.2210000,75.3650000,74.6410000,74.7303000,6071
20181122,000000,74.7530000,75.2828000,74.3590000,74.7941000,5586
20181123,000000,74.9070000,75.3087000,74.5460000,75.0067000,5903
20181124,000000,75.0310000,75.1025000,74.9790000,74.9790000,132
20181125,000000,75.1080000,75.6300000,75.1030000,75.3312000,21
20181126,000000,75.3530000,76.5625000,74.9820000,76.0591000,6489
20181127,000000,76.0440000,76.1580000,75.2030000,75.7491000,6385
20181128,000000,75.7490000,76.2949000,75.3300000,76.2196000,6087
20181129,000000,76.2140000,76.5640000,75.0140000,75.4092000,6288
20181130,000000,75.3410000,76.1430000,74.9249000,76.0366000,5745
20181201,000000,75.7720000,76.0060000,75.7380000,75.8760000,184
20181202,000000,75.9130000,76.2280000,75.9100000,76.2180000,9
20181203,000000,76.1765000,76.1769000,75.0270000,75.4173000,6544
20181204,000000,75.4430000,76.3130000,75.3230000,75.7405000,6252
20181205,000000,75.7600000,75.9010000,75.3780000,75.4830000,6643
20181206,000000,75.5080000,76.4264000,75.3230000,76.0882000,6869
20181207,000000,76.1150000,76.3560000,75.1300000,75.6870000,6075
20181208,000000,75.7640000,75.8190000,75.4810000,75.6280000,222
20181209,000000,75.6580000,75.7380000,75.3160000,75.5642000,28
20181210,000000,75.6060000,76.3130000,75.4380000,75.6746000,6186
20181211,000000,75.6990000,76.0480000,74.9270000,75.0940000,6070
20181212,000000,75.1620000,75.5528000,74.9800000,75.4732000,6661
20181213,000000,75.4960000,75.6550000,75.0510000,75.2035000,6290
20181214,000000,75.2320000,77.2740000,74.8230000,75.2040000,6499
20181215,000000,75.2050000,75.5410000,75.1285000,75.5380000,140
20181216,000000,75.3400000,75.5160000,75.2448000,75.2568000,33
20181217,000000,75.2750000,76.0400000,75.1540000,75.5714000,6053
20181218,000000,75.7000000,76.5528000,75.4922000,76.4600000,6350
20181219,000000,76.5440000,77.4235000,76.2540000,76.6110000,6531
20181220,000000,76.7300000,78.8760000,76.4880000,78.1110000,6597
